episode,file,date,time,caption,pinned_comment,forfeit
15,YouOweMe_15_Sun18Oct_sound.mp4,2026-10-18,18:00,"loser pays. we don't make the rules.

guessed my mood wrong? CoupleIn mood sync exists for a reason

You Owe Me #15 #couples #relationships #couplesquiz #boyfriend #girlfriend","Losers always ""forget"" what they owe 👀 Log it in CoupleIn so they can't get out of it. Link in bio",a week of no phones at dinner
16,YouOweMe_16_Mon19Oct_sound.mp4,2026-10-19,18:00,"the comments are about to be a crime scene

every gesture counts. literally. brownie points on CoupleIn

You Owe Me #16 #couples #relationships #couplesquiz #boyfriend #girlfriend","Losers always ""forget"" what they owe 👀 Log it in CoupleIn so they can't get out of it. Link in bio",a surprise date
17,YouOweMe_17_Tue20Oct_sound.mp4,2026-10-20,18:00,"be honest 😭 how did yours do?

stop guessing. free attachment style quiz on CoupleIn, link in bio

You Owe Me #17 #couples #relationships #couplesquiz #boyfriend #girlfriend","Losers always ""forget"" what they owe 👀 Log it in CoupleIn so they can't get out of it. Link in bio",the next date
18,YouOweMe_18_Wed21Oct_sound.mp4,2026-10-21,18:00,"tag them. no excuses.

they WILL forget. CoupleIn won't. 📅

You Owe Me #18 #couples #relationships #couplesquiz #boyfriend #girlfriend","Losers always ""forget"" what they owe 👀 Log it in CoupleIn so they can't get out of it. Link in bio",flowers 💐
19,YouOweMe_19_Thu22Oct_sound.mp4,2026-10-22,18:00,"loser pays. we don't make the rules.

got the wishlist one wrong? that's what the CoupleIn wishlist is for 👀

You Owe Me #19 #couples #relationships #couplesquiz #boyfriend #girlfriend","Losers always ""forget"" what they owe 👀 Log it in CoupleIn so they can't get out of it. Link in bio",a massage
20,YouOweMe_20_Fri23Oct_sound.mp4,2026-10-23,18:00,"the comments are about to be a crime scene

they WILL forget. CoupleIn won't. 📅

You Owe Me #20 #couples #relationships #couplesquiz #boyfriend #girlfriend","Losers always ""forget"" what they owe 👀 Log it in CoupleIn so they can't get out of it. Link in bio",a week of morning coffees
21,YouOweMe_21_Sat24Oct_sound.mp4,2026-10-24,18:00,"be honest 😭 how did yours do?

guessed my mood wrong? CoupleIn mood sync exists for a reason

You Owe Me #21 #couples #relationships #couplesquiz #boyfriend #girlfriend","Losers always ""forget"" what they owe 👀 Log it in CoupleIn so they can't get out of it. Link in bio",a month of you picking the film
22,YouOweMe_22_Sun25Oct_sound.mp4,2026-10-25,18:00,"tag them. no excuses.

fights sorted in 5 minutes. CoupleIn, link in bio

You Owe Me #22 #couples #relationships #couplesquiz #boyfriend #girlfriend","Losers always ""forget"" what they owe 👀 Log it in CoupleIn so they can't get out of it. Link in bio",a massage
23,YouOweMe_23_Mon26Oct_sound.mp4,2026-10-26,18:00,"loser pays. we don't make the rules.

they WILL forget. CoupleIn won't. 📅

You Owe Me #23 #couples #relationships #couplesquiz #boyfriend #girlfriend","Losers always ""forget"" what they owe 👀 Log it in CoupleIn so they can't get out of it. Link in bio",a homemade dinner
24,YouOweMe_24_Tue27Oct_sound.mp4,2026-10-27,18:00,"the comments are about to be a crime scene

every gesture counts. literally. brownie points on CoupleIn

You Owe Me #24 #couples #relationships #couplesquiz #boyfriend #girlfriend","Losers always ""forget"" what they owe 👀 Log it in CoupleIn so they can't get out of it. Link in bio",a whole day of you being right
25,YouOweMe_25_Wed28Oct_sound.mp4,2026-10-28,18:00,"be honest 😭 how did yours do?

fights sorted in 5 minutes. CoupleIn, link in bio

You Owe Me #25 #couples #relationships #couplesquiz #boyfriend #girlfriend","Losers always ""forget"" what they owe 👀 Log it in CoupleIn so they can't get out of it. Link in bio",a takeaway of your choice
26,YouOweMe_26_Thu29Oct_sound.mp4,2026-10-29,18:00,"tag them. no excuses.

they WILL forget. CoupleIn won't. 📅

You Owe Me #26 #couples #relationships #couplesquiz #boyfriend #girlfriend","Losers always ""forget"" what they owe 👀 Log it in CoupleIn so they can't get out of it. Link in bio",ice cream 🍦
27,YouOweMe_27_Fri30Oct_sound.mp4,2026-10-30,18:00,"loser pays. we don't make the rules.

guessed my mood wrong? CoupleIn mood sync exists for a reason

You Owe Me #27 #couples #relationships #couplesquiz #boyfriend #girlfriend","Losers always ""forget"" what they owe 👀 Log it in CoupleIn so they can't get out of it. Link in bio",a month of bin duty
28,YouOweMe_28_Sat31Oct_sound.mp4,2026-10-31,18:00,"the comments are about to be a crime scene

they WILL forget. CoupleIn won't. 📅

You Owe Me #28 #couples #relationships #couplesquiz #boyfriend #girlfriend","Losers always ""forget"" what they owe 👀 Log it in CoupleIn so they can't get out of it. Link in bio",a week of doing the dishes
